<?xml version="1.0" encoding="UTF-8"?>
<beans xmlns="http://www.springframework.org/schema/beans"
       xmlns:xsi="http://www.w3.org/2001/XMLSchema-instance"
       xmlns:cache="http://www.springframework.org/schema/cache"
       xmlns:hz="http://www.hazelcast.com/schema/spring"
       xsi:schemaLocation="http://www.springframework.org/schema/beans
                           http://www.springframework.org/schema/beans/spring-beans-4.0.xsd
                           http://www.springframework.org/schema/cache
                           http://www.springframework.org/schema/cache/spring-cache-4.0.xsd
                           http://www.hazelcast.com/schema/spring
                           http://www.hazelcast.com/schema/spring/hazelcast-spring-3.3.xsd">

    <cache:annotation-driven />

    <hz:hazelcast id="hazelcast">
        <hz:config>
            <hz:map name="users">
                <hz:map-store enabled="true" class-name="com.wiley.beginningspring.Course" write-delay-seconds="0"/>
            </hz:map>
        </hz:config>
    </hz:hazelcast>

    <bean id="userService" class="com.wiley.beginningspring.CourseService" />

    <bean id="cacheManager" class="com.hazelcast.spring.cache.HazelcastCacheManager">
        <constructor-arg ref="hazelcast" />
    </bean>
</beans>