<?xml version="1.0" encoding="UTF-8"?>
<beans xmlns="http://www.springframework.org/schema/beans"
       xmlns:xsi="http://www.w3.org/2001/XMLSchema-instance"
       xmlns:context="http://www.springframework.org/schema/context"
       xmlns:aop="http://www.springframework.org/schema/aop"
       xsi:schemaLocation="http://www.springframework.org/schema/beans
       					   http://www.springframework.org/schema/beans/spring-beans-4.0.xsd 
       					   http://www.springframework.org/schema/context
       					   http://www.springframework.org/schema/context/spring-context-4.0.xsd
                           http://www.springframework.org/schema/aop
                           http://www.springframework.org/schema/aop/spring-aop-4.0.xsd">


    <context:component-scan base-package="com.wiley.beginningspring.ch8" />
    <context:annotation-config />

    <bean id="executionTimeLoggingWithAfterAdvice" class="com.wiley.beginningspring.ch8.aspect.ExecutionTimeLoggingWithAfterAdvice" />

    <aop:config>
        <aop:aspect ref="executionTimeLoggingWithAfterAdvice">
            <aop:pointcut id="logPointCut" expression="execution(public * *(..))" />
            <aop:after pointcut-ref="logPointCut" method="executiontimeLogging" />
        </aop:aspect>
    </aop:config>

</beans>