<?xml version="1.0" encoding="UTF-8"?>
<beans xmlns="http://www.springframework.org/schema/beans"
       xmlns:xsi="http://www.w3.org/2001/XMLSchema-instance"
       xmlns:cache="http://www.springframework.org/schema/cache"
       xsi:schemaLocation="http://www.springframework.org/schema/beans
       					   http://www.springframework.org/schema/beans/spring-beans-4.0.xsd
                           http://www.springframework.org/schema/cache
                           http://www.springframework.org/schema/cache/spring-cache-4.0.xsd">

    <cache:annotation-driven />

    <bean id="classroomService" class="com.wiley.beginningspring.ch10.ClassroomService" />

    <bean id="cacheManager" class="org.springframework.cache.support.SimpleCacheManager">
        <property name="caches">
            <set>
                <bean id="students" class="org.springframework.cache.concurrent.ConcurrentMapCacheFactoryBean" />
                <bean id="teachers" class="org.springframework.cache.concurrent.ConcurrentMapCacheFactoryBean" />
            </set>
        </property>
    </bean>
</beans>