<?xml version="1.0" encoding="UTF-8"?>
<beans xmlns="http://www.springframework.org/schema/beans"
	xmlns:xsi="http://www.w3.org/2001/XMLSchema-instance"
	xmlns:aop="http://www.springframework.org/schema/aop"
	xsi:schemaLocation="http://www.springframework.org/schema/aop http://www.springframework.org/schema/aop/spring-aop-4.0.xsd
		http://www.springframework.org/schema/beans http://www.springframework.org/schema/beans/spring-beans.xsd">

	<bean id="commandManager" class="com.wiley.beginningspring.ch2.CommandManager" scope="singleton">
	
	</bean>
	
	<bean id="command" class="com.wiley.beginningspring.ch2.Command" scope="prototype">
	
	</bean>
	
	<bean id="userService" class="com.wiley.beginningspring.ch2.UserService">
	
	</bean>
	
	<bean id="userPreferences" class="com.wiley.beginningspring.ch2.UserPreferences">
		<aop:scoped-proxy/>
	</bean>

</beans>
