<?xml version="1.0" encoding="UTF-8"?>
<beans xmlns="http://www.springframework.org/schema/beans"
       xmlns:xsi="http://www.w3.org/2001/XMLSchema-instance"
       xmlns:context="http://www.springframework.org/schema/context"
       	xmlns:mvc="http://www.springframework.org/schema/mvc"
       xsi:schemaLocation="http://www.springframework.org/schema/beans 
       					   http://www.springframework.org/schema/beans/spring-beans-4.0.xsd 
       					   http://www.springframework.org/schema/context
       					   http://www.springframework.org/schema/context/spring-context-4.0.xsd
       					   http://www.springframework.org/schema/mvc 
       					   http://www.springframework.org/schema/mvc/spring-mvc-4.0.xsd">
 
    <context:component-scan base-package="com.wiley.beginningspring.ch3" />
    <context:annotation-config />
    <mvc:annotation-driven validator="validator" />
 
    <bean class="org.springframework.web.servlet.view.InternalResourceViewResolver">
        <property name="prefix" value="/WEB-INF/pages/" />
        <property name="suffix" value=".jsp" />
    </bean>

    <bean id="messageSource"
          class="org.springframework.context.support.ReloadableResourceBundleMessageSource">
        <property name="basename" value="classpath:messages" />
    </bean>

    <bean id="validator" class="org.springframework.validation.beanvalidation.LocalValidatorFactoryBean">
        <property name="validationMessageSource" ref="messageSource"/>
    </bean>
</beans>